<?xml version="1.0" encoding="UTF-8" ?>    
<!DOCTYPE mapper PUBLIC "-//mybatis.org//DTD Mapper 3.0//EN" "http://mybatis.org/dtd/mybatis-3-mapper.dtd">
<mapper namespace="com.dao.TodoDao">

<select id="findAll" resultType="Todo">
select * from todo;
</select>


    <insert id="insert">
        insert into todo (message,createTime) VALUES (#{message},#{createTime})
    </insert>

    <update id="update1" parameterType="Todo">
    update todo set message=#{message}   where id =#{id}
    </update>

    <select id="update" parameterType="Todo" resultType="Todo">
        SELECT  * from todo where id =#{id}
    </select>

    <delete id="delete" parameterType="Todo">
        delete from todo  where id =#{id}
    </delete>

</mapper>